epoch,acc,loss,val_acc,val_loss
0,0.204404145085,1.6578714115,0.197927460955,1.63173004543
1,0.244559585523,1.60709931183,0.243523316371,1.61457530328
