epoch,acc,loss,val_acc,val_loss
0,0.183848797302,1.68510588051,0.190148912498,1.63542065697
1,0.20074455906,1.62938541645,0.190148912498,1.62098739565
