epoch,acc,loss,val_acc,val_loss
0,0.322271031419,1.50982327002,0.416415934554,1.33190112802
1,0.483511854615,1.20299150066,0.478156216241,1.19583341026
2,0.541160187705,1.06849000372,0.513659887286,1.10702500346
3,0.580123962034,0.983722739378,0.535563846826,1.05971395196
4,0.610302082022,0.909772040791,0.541942472413,1.0647705412
5,0.642315561504,0.839620800982,0.545312312324,1.07419908243
6,0.674419304333,0.772184271971,0.540498255306,1.13775667706
7,0.703754964468,0.706807176829,0.518233241075,1.24995772079
