epoch,acc,loss,val_acc,val_loss
0,0.322271031419,1.50982327002,0.416415934554,1.33190112802
1,0.483511854615,1.20299150066,0.478156216241,1.19583341026
