epoch,acc,loss,val_acc,val_loss
0,0.54366109172,1.02728164934,0.594766064088,0.916532408813
