epoch,acc,loss,val_acc,val_loss
0,0.207044673505,1.64864302282,0.224513173462,1.63615950604
